SrNo.,SchemeId,LocationId,District,Taluka,Name of Schemes,Region,Type,OSL,FRL,PWL,Design Storage in MCM,,,Present Storage in MCM,,,PercentageFilling %,RF,CRF,Type ofWarning,InflowinCusecs,OutflowRiverinCusecs,outflowCanalinCusecs
,,,,,,,,,,,Gross,Live,Dead,Gross,Live,Dead,,,,,,,
76,66,73,Amreli,Amreli,Thebi,Sau,G,120.6,126,124.2,10.65,9.98,0.67,4.94,4.27,0.67,46.38%,0,210,NIL,0,0,0
71,70,72,Amreli,Amreli,Vadi,Sau,G,128.05,134,133.3,10.62,10.20,0.42,8.30,7.88,0.42,78.15%,0,260,WARNING,0,0,0
67,93,63,Amreli,Babra,Ghelo-I,Sau,UG,159.1,166.72,165.14,10.09,9.86,0.23,5.59,5.36,0.23,55.40%,0,245,NIL,0,0,0
73,72,70,Amreli,Bagasara,Munjiasar,Sau,UG,55.47,62.94,60.805,13.64,13.63,0.01,6.03,6.02,0.01,44.21%,0,143,NIL,0,0,0
77,65,71,Amreli,Dhari,Khodiyar,Sau,G,179.82,202.68,199.48,29.94,29.94,0.00,15.82,15.82,0.00,52.84%,0,188,NIL,155,0,0
69,68,87,Amreli,Khambha,Raidy,Sau,G,42.25,50.85,47.7,6.93,6.38,0.55,2.98,2.43,0.55,43.00%,0,215,NIL,0,0,0
66,73,116,Amreli,Kunkavav vadia,Sankroli,Sau,UG,36.58,44.2,40.84,7.87,7.87,0.00,1.92,1.92,0.00,24.40%,0,106,NIL,0,0,0
70,69,115,Amreli,Kunkavav vadia,Vadiya,Sau,G,125.2,130.25,127.5,5.36,5.09,0.27,1.27,1.00,0.27,23.69%,0,250,NIL,0,0,0
68,67,85,Amreli,Rajula,Dhatarvadi,Sau,UG,70.83,81.23,81.24,26.92,24.63,2.29,26.92,24.63,2.29,100%,0,263,HIGHALERT,16,16,0
75,75,86,Amreli,Rajula,Dhatarwadi-II,Sau,G,31.85,34.41,34.25,10.19,7.44,2.75,9.55,6.80,2.75,93.72%,0,370,HIGHALERT,72,72,0
72,71,74,Amreli,Savarkundla,Shell-Dedumal,Sau,G,171,179.5,177.45,7.81,7.34,0.47,4.07,3.60,0.47,52.11%,0,245,NIL,0,0,0
74,74,84,Amreli,Savarkundla,Surajwadi,Sau,UG,39.62,50.29,50.29,6.37,6.37,0.00,6.37,6.37,0.00,100%,0,340,HIGHALERT,0,0,0
2,31,41,Arvalli,Bayad,Lank,NG,G,106.5,111.55,104.62,7.54,7.22,0.32,0.04,0.00,0.04,0.53%,0,202,NIL,0,0,0
5,30,34,Arvalli,Bhiloda,Hathmati,NG,UG,170.69,180.75,178.92,152.84,149.39,3.45,100.13,96.68,3.45,65.51%,2,422,NIL,150,0,0
6,34,35,Arvalli,Bhiloda,Meshwo,NG,UG,202.39,214.59,212.61,53.13,49.97,3.16,41.27,38.11,3.16,77.68%,0,401,WARNING,69,0,0
4,27,40,Arvalli,Malpur,Watrak,NG,G,126.03,136.25,133.31,158.20,134.79,23.41,93.56,70.15,23.41,59.14%,0,461,NIL,0,0,0
3,35,39,Arvalli,Meghraj,Waidy,NG,UG,190.85,199.2,197.05,9.28,8.70,0.58,5.73,5.15,0.58,61.75%,3,357,NIL,0,0,0
1,29,38,Arvalli,Modasa,Mazam,NG,G,150.77,157.1,155.15,43.86,36.58,7.28,25.84,18.56,7.28,58.91%,0,491,NIL,0,0,0
9,4,44,Banaskantha,Dantiwada,Dantiwada,NG,G,161.85,184.1,173.02,397.12,392.01,5.10,89.01,83.91,5.10,22.41%,0,646,NIL,506,0,2
7,5,43,Banaskantha,Dantiwada,Sipu,NG,G,176.4,186.43,176.32,161.43,145.37,16.06,15.71,0.00,15.71,9.73%,0,658,NIL,0,0,0
8,3,45,Banaskantha,Vadgam,Mukteshwar,NG,G,193.67,201.65,198.02,31.46,26.30,5.16,16.38,11.22,5.16,52.07%,0,589,NIL,84,0,0
35,7,9,Bharuch,Jhagadia,Dholi,SG,UG,124,136,136.1,14.17,12.56,1.61,14.17,12.56,1.61,100%,15,490,HIGHALERT,478,478,0
34,9,11,Bharuch,Netrang,Baldeva,SG,UG,131.35,141.5,140.3,8.15,7.84,0.31,6.26,5.95,0.31,76.81%,0,701,WARNING,0,0,0
33,10,12,Bharuch,Netrang,Pigut,SG,UG,130.6,139.7,139.74,7.52,7.27,0.25,7.52,7.27,0.25,100%,9,818,HIGHALERT,58,58,0
81,84,68,Bhavnagar,Bhavnagar,Lakhanka,Sau,G,34.98,44.22,38.7,3.68,3.68,0.00,0.21,0.21,0.00,5.71%,0,295,NIL,0,0,0
82,90,81,Bhavnagar,Mahuva,Bagad,Sau,UG,55.36,60.41,60.46,11.18,9.66,1.52,11.18,9.66,1.52,100%,0,590,HIGHALERT,210.7,210.7,0
83,81,83,Bhavnagar,Mahuva,Malan,Sau,G,93.9,104.25,104.25,11.44,11.44,0.00,11.44,11.44,0.00,100%,0,385,HIGHALERT,34,34,0
85,91,82,Bhavnagar,Mahuva,Rojki,Sau,UG,89.15,99.06,99.1,9.23,9.13,0.10,9.23,9.13,0.10,100%,0,401,HIGHALERT,11.13,11.13,0
87,86,77,Bhavnagar,Palitana,Hanol,Sau,G,86.35,90.1,89.75,5.60,5.43,0.17,4.65,4.48,0.17,83.04%,0,375,ALERT,0,0,0
84,80,76,Bhavnagar,Palitana,Kharo,Sau,G,47.5,54.12,53.5,12.24,11.84,0.40,9.71,9.31,0.40,79.33%,0,640,WARNING,0,0,0
89,77,78,Bhavnagar,Palitana,Rajawal,Sau,G,50,56.75,56.35,28.21,25.84,2.37,25.15,22.78,2.37,89.15%,0,660,ALERT,0,0,0
88,76,75,Bhavnagar,Palitana,Shetrunji,Sau,G,45.17,55.53,55.53,346.48,341.45,5.03,346.48,341.45,5.03,100%,0,550,HIGHALERT,0,0,0
79,85,80,Bhavnagar,Talaja,Hamirpara,Sau,G,82.6,87.8,86.4,2.02,1.93,0.09,1.09,1.00,0.09,53.96%,0,450,NIL,0,0,0
78,196,69,Bhavnagar,Talaja,Jaspara-Mandva,Sau,UG,30.2,40.25,34.5,3.72,3.18,0.54,1.25,0.71,0.54,33.60%,0,250,NIL,0,0,0
80,88,79,Bhavnagar,Talaja,Pingli,Sau,G,45.2,51.3,51,2.11,1.84,0.27,1.90,1.63,0.27,90.05%,0,512,HIGHALERT,21,21,0
86,82,67,Bhavnagar,Umrala,Ranghola,Sau,G,53.35,62.5,62.48,36.81,36.81,0.00,36.68,36.68,0.00,99.65%,0,260,HIGHALERT,0,0,0
94,1,59,Botad,Barwala,Khambhada,Sau,G,48.3,50.35,50.25,4.41,3.48,0.93,4.15,3.22,0.93,94.10%,0,700,HIGHALERT,0,0,0
90,89,56,Botad,Botad,Goma,Sau,UG,120.4,126.5,126.46,15.75,15.12,0.63,15.60,14.97,0.63,99.05%,0,505,HIGHALERT,0,0,0
97,87,57,Botad,Botad,Kaniyad,Sau,G,99,102.25,101.65,2.93,2.64,0.29,2.15,1.86,0.29,73.38%,0,445,WARNING,0,0,0
96,182,55,Botad,Botad,Sukhbhadar,Sau,G,102,109.2,108.6,41.13,37.57,3.56,35.10,31.54,3.56,85.34%,0,370,ALERT,0,0,0
95,92,60,Botad,Gadhada,Bhimdad,Sau,UG,96.32,104.85,104.9,6.79,6.79,0.00,6.79,6.79,0.00,100%,0,640,HIGHALERT,66.42,66.42,0
98,78,66,Botad,Gadhada,Kalubhar,Sau,G,53.72,60.36,59,18.14,16.62,1.52,15.92,14.40,1.52,87.76%,0,400,ALERT,630,630,0
92,83,64,Botad,Gadhada,Limbali,Sau,G,124.1,128.1,126.4,8.48,6.94,1.54,4.69,3.15,1.54,55.31%,0,280,NIL,0,0,0
91,79,65,Botad,Gadhada,Malpara,Sau,G,73,78.1,77.8,6.90,6.40,0.50,5.70,5.20,0.50,82.61%,0,320,ALERT,0,0,0
93,2,58,Botad,Ranpur,Utavali,Sau,G,47.3,49.3,49.3,9.01,6.91,2.10,9.01,6.91,2.10,100%,0,705,HIGHALERT,0,0,0
16,40,14,Chhotaudepur,Jetpur pavi,Sukhi,CG,G,134,147.82,146.1,173.01,163.22,9.79,133.33,123.54,9.79,77.06%,12,691,WARNING,0,0,0
17,41,15,Chhotaudepur,Kawant,Rami,CG,UG,184,196.35,190.8,4.55,4.49,0.06,1.15,1.09,0.06,25.27%,0,335,NIL,0,0,0
20,23,26,Dahod,Devgadh baria,WNKL.-BHEY,CG,UG,214.9,223.57,220.05,13.30,11.69,1.61,6.82,5.21,1.61,51.28%,10,535,NIL,0,0,0
18,25,25,Dahod,Dhanpur,Edalwada,CG,FG,228.5,237.3,236.3,14.08,13.28,0.80,11.12,10.32,0.80,78.98%,12,601,WARNING,0,0,0
19,18,21,Dahod,Garbada,Patadungari,CG,UG,160.02,170.84,167.58,41.05,39.64,1.41,19.58,18.17,1.41,47.70%,5,252,NIL,0,0,0
25,24,22,Dahod,Limkheda,Umaria,CG,UG,270.93,280,280,13.54,11.67,1.87,13.54,11.67,1.87,100%,20,416,HIGHALERT,0,0,0
21,16,23,Dahod,Singvad,Hadaf,CG,G,161.5,166.2,164.4,22.09,17.27,4.82,13.69,8.87,4.82,61.97%,0,380,NIL,100,0,0
23,22,24,Dahod,Singvad,Kabutari,CG,UG,180.6,186.3,186,9.58,8.07,1.51,8.85,7.34,1.51,92.38%,10,365,HIGHALERT,245,0,0
24,26,17,Dahod,Zalod,Kali - II,CG,UG,250,257,257.1,14.52,10.91,3.61,14.52,10.91,3.61,100%,0,145,HIGHALERT,353,353,0
22,21,18,Dahod,Zalod,Machchhanala,CG,UG,271.31,277.64,275.9,27.75,21.82,5.93,19.02,13.09,5.93,68.54%,0,195,NIL,0,0,0
108,123,137,DevbhumiDwarka,Bhanvad,Kabarka,Sau,UG,92.2,96.85,94.35,4.30,4.06,0.24,1.22,0.98,0.24,28.37%,0,365,NIL,0,0,0
100,195,131,DevbhumiDwarka,Bhanvad,Minsar (V),Sau,UG,85.5,91.8,90.65,5.85,5.54,0.31,3.75,3.44,0.31,64.10%,0,400,NIL,30,0,0
103,115,141,DevbhumiDwarka,Bhanvad,Sonmati,Sau,FG,72,78.5,78.5,7.40,7.09,0.31,7.40,7.09,0.31,100%,0,390,HIGHALERT,80,80,0
109,100,138,DevbhumiDwarka,Bhanvad,Vartu-I,Sau,UG,32,39.01,36.15,11.83,11.59,0.24,3.68,3.44,0.24,31.11%,0,385,NIL,0,0,0
102,109,142,DevbhumiDwarka,Bhanvad,Vartu-II,Sau,G,31.75,39.95,36.45,25.60,24.03,1.57,9.13,7.56,1.57,35.66%,0,300,NIL,170,0,0
105,118,139,DevbhumiDwarka,Bhanvad,Veradi,Sau,UG,80,85.15,84.58,6.42,6.31,0.11,5.14,5.03,0.11,80.06%,0,405,ALERT,120,0,0
99,194,140,DevbhumiDwarka,Bhanvad,Veradi-II,Sau,UG,57.6,65.4,63.5,9.79,9.57,0.22,5.12,4.90,0.22,52.30%,0,375,NIL,80,0,0
110,95,147,DevbhumiDwarka,Jamkalyanpur,Sani,Sau,G,13.65,17.25,11.15,39.02,32.18,6.84,0.32,0.00,0.32,0.82%,0,670,NIL,0,0,0
104,117,146,DevbhumiDwarka,Jamkalyanpur,Shedhabhadthari,Sau,UG,28,32.5,27.6,5.62,4.99,0.63,0.48,0.00,0.48,8.54%,0,290,NIL,0,0,0
101,104,145,DevbhumiDwarka,Jamkhambhalia,Gadhaki,Sau,UG,25.1,30,27.4,9.34,9.14,0.20,2.05,1.85,0.20,21.95%,0,470,NIL,0,0,0
107,97,149,DevbhumiDwarka,Jamkhambhalia,Ghee,Sau,UG,34.44,40.54,38.68,10.97,10.89,0.08,5.09,5.01,0.08,46.40%,0,325,NIL,0,0,0
106,122,148,DevbhumiDwarka,Kalyanpur,Sindhani,Sau,UG,13,16.35,15.55,8.73,7.96,0.77,5.78,5.01,0.77,66.21%,0,515,NIL,0,0,0
114,127,89,Gir Somnath,Gir-Gadhada,Machhundri,Sau,UG,99.5,109.5,108.85,31.84,26.70,5.14,28.99,23.85,5.14,91.05%,12,382,HIGHALERT,87,0,0
113,126,88,Gir Somnath,Gir-Gadhada,Raval,Sau,G,129.85,148.85,142.455,26.73,24.00,2.73,14.21,11.48,2.73,53.16%,0,297,NIL,0,0,0
112,124,90,Gir Somnath,Gir-Gadhada,Shingoda,Sau,G,122.78,141.58,140.23,36.40,36.07,0.33,29.43,29.10,0.33,80.85%,0,543,ALERT,182,182,0
111,125,92,Gir Somnath,Talala,Hiran-II,Sau,G,62.42,71.26,69.34,38.58,35.02,3.56,25.43,21.87,3.56,65.91%,5,358,NIL,785,0,0
124,106,164,Jamnagar,Dhrol,Und-II,Sau,G,14.5,18.25,12.15,37.12,32.87,4.25,0.55,0.00,0.55,1.48%,0,560,NIL,0,0,0
117,99,132,Jamnagar,Jamjodhpur,Dia-Minsar,Sau,UG,71.5,75.4,72.85,11.11,8.87,2.24,4.74,2.50,2.24,42.66%,0,340,NIL,363,0,0
126,110,126,Jamnagar,Jamjodhpur,Fulzar (KB),Sau,G,88.4,95.85,94.85,18.03,16.28,1.75,13.19,11.44,1.75,73.16%,0,210,WARNING,145,145,0
134,103,128,Jamnagar,Jamjodhpur,Umiyasagar,Sau,G,68,71.05,69.5,1.55,1.37,0.18,0.85,0.67,0.18,54.84%,0,265,NIL,331,331,0
118,107,160,Jamnagar,Jamnagar,Kankavati,Sau,G,26.5,30.5,27.65,6.82,6.39,0.43,1.08,0.65,0.43,15.84%,0,365,NIL,0,0,0
125,108,156,Jamnagar,Jamnagar,Rangmati,Sau,G,38.5,43.2,42.6,3.36,3.20,0.16,2.64,2.48,0.16,78.57%,0,350,WARNING,155,155,0
123,105,157,Jamnagar,Jamnagar,Ruparel,Sau,UG,45.05,48.2,48,4.27,3.74,0.53,3.88,3.35,0.53,90.87%,0,310,HIGHALERT,0,0,0
128,114,158,Jamnagar,Jamnagar,Sapada,Sau,UG,27.13,32.77,32.48,5.56,5.27,0.29,5.02,4.73,0.29,90.29%,10,310,HIGHALERT,0,0,0
120,94,163,Jamnagar,Jamnagar,Und-I,Sau,G,90.1,98,95.45,69.05,65.95,3.10,36.54,33.44,3.10,52.92%,0,225,NIL,0,0,0
116,101,159,Jamnagar,Jamnagar,Vijarkhi,Sau,UG,22.86,30.47,28.5,9.70,9.70,0.00,5.16,5.16,0.00,53.20%,0,300,NIL,0,0,0
135,206,155,Jamnagar,Jamnagar,Wagadiya,Sau,UG,60.2,62.05,62.05,2.27,1.25,1.02,2.27,1.25,1.02,100%,0,450,HIGHALERT,16,16,0
130,119,162,Jamnagar,Jamnagar,Wodisang,Sau,UG,72.7,76.5,75.97,7.85,5.58,2.27,6.59,4.32,2.27,83.95%,0,300,ALERT,0,0,0
127,111,174,Jamnagar,Jodiya,Aji-IV,Sau,G,14.45,20.4,15.87,39.83,37.49,2.34,4.69,2.35,2.34,11.78%,0,265,NIL,282,0,0
122,98,127,Jamnagar,Kalavad,Fulzar-I,Sau,UG,17.98,24.69,24.6,11.36,11.22,0.14,11.00,10.86,0.14,96.83%,0,260,HIGHALERT,0,0,0
133,113,121,Jamnagar,Kalavad,Phophal-II,Sau,UG,125,129.33,125.73,6.13,5.89,0.24,0.54,0.30,0.24,8.81%,0,320,NIL,0,0,0
131,121,161,Jamnagar,Kalavad,Und-III,Sau,UG,106.6,110.6,107.63,4.69,3.89,0.80,1.32,0.52,0.80,28.14%,0,235,NIL,0,0,0
129,116,150,Jamnagar,Lalpur,Fulzar-II,Sau,UG,47.55,52.12,52.12,3.10,2.83,0.27,3.10,2.83,0.27,100%,0,295,HIGHALERT,205,205,0
115,102,151,Jamnagar,Lalpur,Puna,Sau,UG,19.81,24.39,22.86,7.83,7.77,0.06,3.44,3.38,0.06,43.93%,0,150,NIL,0,0,0
132,120,152,Jamnagar,Lalpur,Rupavati,Sau,UG,72.75,77.3,74.2,2.76,2.63,0.13,0.51,0.38,0.13,18.48%,0,315,NIL,0,0,0
121,96,153,Jamnagar,Lalpur,Sasoi,Sau,UG,22.25,28.95,28.58,37.97,37.97,0.00,34.18,34.18,0.00,90.02%,0,220,HIGHALERT,0,0,0
119,205,154,Jamnagar,Lalpur,Sasoi-II,Sau,UG,100,104.4,103.9,2.43,2.02,0.41,1.95,1.54,0.41,80.25%,0,245,ALERT,31,0,0
140,139,97,Junagadh,Bhesan,Mota-Gujariya,Sau,UG,132.77,140.02,138.75,7.64,7.55,0.09,4.64,4.55,0.09,60.73%,0,375,NIL,98.09,0,0
136,128,101,Junagadh,Bhesan,Uben,Sau,UG,100.61,107.61,102.8,16.20,15.60,0.60,2.34,1.74,0.60,14.44%,0,200,NIL,0,0,0
149,131,102,Junagadh,Junagadh,Hasanapur,Sau,UG,137.77,148.13,146.14,8.40,8.19,0.21,5.88,5.67,0.21,70.00%,0,350,WARNING,0,0,0
148,132,98,Junagadh,Junagadh,Ozat-II,Sau,G,72.5,77.5,76.2,36.20,27.71,8.49,27.03,18.54,8.49,74.67%,4,544,WARNING,435,435,0
146,133,105,Junagadh,Maliya Hatina,Vrajmi,Sau,G,84.6,94,85.3,10.35,10.10,0.25,0.47,0.22,0.25,4.54%,0,447,NIL,0,0,0
143,136,106,Junagadh,Manavadar,Bantva-Kharo,Sau,G,13.8,16.25,16,6.68,5.76,0.92,5.62,4.71,0.92,84.13%,0,535,ALERT,86,86,0
137,140,91,Junagadh,Mendarda,Hiran-I,Sau,UG,31.24,44.2,41.61,20.22,19.64,0.58,13.55,12.97,0.58,67.01%,0,577,NIL,0,0,0
147,129,103,Junagadh,Mendarda,Madhuvanti,Sau,UG,149.65,165.19,162.77,11.65,11.30,0.35,7.34,6.99,0.35,63.00%,0,518,NIL,14.71,0,0
142,137,99,Junagadh,Vanthali,Ozat-Weir,Sau,G,29.8,32.8,30,1.95,1.88,0.07,0.09,0.02,0.07,4.62%,0,572,NIL,1165.4,1165.4,0
141,138,100,Junagadh,Vanthali,Ozat-Weir(Vanthali),Sau,G,25,27.5,25.2,1.79,1.54,0.25,0.34,0.09,0.25,18.99%,0,522,NIL,1440.85,1440.85,0
138,198,104,Junagadh,Vanthali,Sabali,Sau,G,39.05,43.75,41.97,7.20,6.14,1.06,3.41,2.35,1.06,47.36%,0,436,NIL,21,0,0
145,134,94,Junagadh,Visavadar,Ambajal,Sau,G,171.8,182.31,180.5,10.55,9.60,0.95,7.62,6.67,0.95,72.23%,3,413,WARNING,314.04,314.04,0
144,135,95,Junagadh,Visavadar,Draphad,Sau,G,117.5,124,123,9.62,9.29,0.33,7.10,6.77,0.33,73.80%,0,307,WARNING,0,0,0
139,141,96,Junagadh,Visavadar,Jhanjeshri,Sau,UG,140.15,149.96,145.65,10.03,9.79,0.24,3.31,3.07,0.24,33.00%,0,291,NIL,0,0,0
150,130,93,Junagadh,Visavadar,Prempara,Sau,UG,120.5,127.5,120.8,1.33,1.27,0.06,0.07,0.01,0.06,5.26%,0,425,NIL,0,0,0
62,60,201,Kachchh,Abdasa,Berachia,Kutch,UG,65.7,70.4,70.4,6.86,5.51,1.35,6.86,5.51,1.35,100%,0,400,HIGHALERT,29.59,29.59,0
60,58,199,Kachchh,Abdasa,Jangdia,Kutch,UG,34.7,38.6,35.5,9.04,6.85,2.19,3.03,0.84,2.19,33.52%,0,213,NIL,0,0,0
54,52,202,Kachchh,Abdasa,Kankawati,Kutch,UG,123.74,131.67,131.67,10.51,9.83,0.68,10.50,9.82,0.68,99.90%,0,530,HIGHALERT,46.13,46.13,0
65,64,200,Kachchh,Abdasa,Mitti,Kutch,UG,14.45,18.65,18.4,20.24,16.27,3.96,18.71,14.75,3.96,92.44%,0,260,HIGHALERT,0,0,0
47,45,206,Kachchh,Anjar,Tappar,Kutch,G,29.87,40.85,39.08,49.03,48.79,0.24,32.33,32.09,0.24,65.94%,0,213,NIL,0,0,0
56,54,191,Kachchh,Bhuj,Kaila,Kutch,UG,65.24,79.25,79.25,8.54,8.54,0.00,8.54,8.54,0.00,100%,0,335,HIGHALERT,0,0,0
58,56,189,Kachchh,Bhuj,Kaswati,Kutch,UG,43.89,51.2,46.45,8.20,7.96,0.24,1.61,1.37,0.24,19.63%,0,215,NIL,0,0,0
50,48,190,Kachchh,Bhuj,Rudramata,Kutch,UG,54.55,66.44,59.2,59.92,54.97,4.95,17.89,12.94,4.95,29.86%,0,266,NIL,0,0,0
48,46,198,Kachchh,Lakhpat,Godhatad,Kutch,UG,16.35,23,20,13.99,12.69,1.30,6.12,4.82,1.30,43.75%,0,127,NIL,0,0,0
51,49,196,Kachchh,Lakhpat,Nara,Kutch,UG,18.28,27.43,22.6,39.70,38.21,1.49,9.87,8.38,1.49,24.86%,0,71,NIL,0,0,0
49,47,197,Kachchh,Lakhpat,Sanandro,Kutch,UG,51.2,59.75,54.2,10.35,10.10,0.25,1.45,1.20,0.25,14.01%,0,104,NIL,0,0,0
46,63,203,Kachchh,Mandvi,Don,Kutch,UG,44.6,47.75,47.75,2.28,1.39,0.89,2.28,1.39,0.89,100%,0,336,HIGHALERT,50.5,50.5,0
59,57,204,Kachchh,Mundra,Gajod,Kutch,UG,82.3,90.85,87,7.71,7.37,0.34,2.70,2.36,0.34,35.02%,0,290,NIL,0,0,0
64,62,205,Kachchh,Mundra,Kalaghogha,Kutch,UG,31.5,37,37,4.98,4.26,0.72,4.98,4.26,0.72,100%,0,508,HIGHALERT,0,0,0
53,51,193,Kachchh,Nakhatrana,Bhukhi,Kutch,UG,62.05,73,69.5,15.58,14.58,1.00,7.75,6.75,1.00,49.74%,0,236,NIL,0,0,0
63,61,195,Kachchh,Nakhatrana,Gajansar,Kutch,UG,26.21,30,29.2,5.98,3.90,2.08,5.06,2.98,2.08,84.62%,0,82,ALERT,0,0,0
55,53,194,Kachchh,Nakhatrana,Mathal,Kutch,UG,73.44,83.18,82.5,12.29,11.19,1.10,9.94,8.84,1.10,80.88%,0,358,ALERT,0,0,0
52,50,192,Kachchh,Nakhatrana,Niruna,Kutch,UG,34.44,43.58,43.58,27.17,22.98,4.19,27.17,22.98,4.19,100%,0,326,HIGHALERT,0,0,0
61,59,187,Kachchh,Rapar,Fatehgadh,Kutch,UG,19.5,22.7,21.4,4.04,3.99,0.05,1.36,1.30,0.05,33.66%,0,120,NIL,0,0,0
57,55,188,Kachchh,Rapar,Suvi,Kutch,UG,38.1,42.67,41.1,8.85,8.13,0.71,4.20,3.48,0.71,47.46%,0,324,NIL,0,0,0
26,202,42,Kheda,Kapadvanj,Varansi,CG,G,78,81,76.43,3.18,2.62,0.56,0.20,0.00,0.20,6.29%,2,251,NIL,0,0,0
10,13,32,Mahesana,Satlasana,Dharoi,NG,G,175.87,189.59,187.77,813.14,745.63,67.51,633.19,565.68,67.51,77.87%,0,763,WARNING,1528,0,0
28,12,28,Mahisagar,Balasinor,Wanakbori,CG,UG,60.05,67.3,67.13,41.88,36.22,5.66,40.96,35.30,5.66,97.80%,6,325,NIL,4500,300,3650
30,17,19,Mahisagar,Kadana,Kadana,CG,G,99.06,127.71,122.02,1249.30,1191.70,57.60,731.27,673.67,57.60,58.53%,4,364,NIL,882,0,350
27,19,20,Mahisagar,Khanpur,Bhadar (P),CG,G,110.95,123.72,116.5,30.95,29.23,1.72,8.16,6.44,1.72,26.37%,5,202,NIL,0,0,0
29,14,27,Mahisagar,Lunawada,Panam,CG,G,106.68,127.41,125.35,578.19,552.97,25.22,446.39,421.17,25.22,77.20%,0,411,WARNING,933,0,775
153,189,184,Morbi,Halvad,Brahmani,Sau,UG,56.39,64.62,64.62,58.33,56.29,2.04,58.33,56.29,2.04,100%,0,170,HIGHALERT,0,0,0
154,200,185,Morbi,Halvad,Brahmani-II,Sau,G,39.15,44.5,42.5,19.80,18.50,1.30,9.41,8.11,1.30,47.53%,0,195,NIL,255,0,80
158,112,177,Morbi,Morbi,Demi - III,Sau,G,21.65,25.6,19.35,9.60,8.47,1.13,0.26,0.00,0.26,2.71%,0,255,NIL,0,0,0
156,166,182,Morbi,Morbi,Ghodadhroi,Sau,G,93.12,98.3,98,6.88,5.55,1.33,6.45,5.12,1.33,93.75%,0,285,HIGHALERT,0,0,0
160,150,181,Morbi,Morbi,Machchhu-II,Sau,G,47.24,57.3,53.58,87.90,84.10,3.80,33.51,29.71,3.80,38.12%,0,242,NIL,158,0,0
155,203,183,Morbi,Morbi,Machchhu-III,Sau,G,22.35,28.7,27,7.99,6.46,1.53,5.42,3.89,1.53,67.83%,0,473,NIL,70,70,0
152,178,173,Morbi,Tankara,Bangawadi,Sau,FG,36.36,42.65,37.4,7.67,7.58,0.09,0.34,0.25,0.09,4.43%,0,230,NIL,0,0,0
151,172,175,Morbi,Tankara,Demi - I,Sau,FG,53.34,60.35,55.15,22.17,22.10,0.07,2.05,1.98,0.07,9.25%,0,230,NIL,0,0,0
157,164,176,Morbi,Tankara,Demi - II,Sau,G,42,48,45.15,21.33,19.91,1.42,6.44,5.02,1.42,30.19%,0,330,NIL,0,0,0
159,158,180,Morbi,Wankaner,Machchhu - I,Sau,UG,122.53,135.33,133.8,68.95,68.95,0.00,44.53,44.53,0.00,64.58%,0,310,NIL,80,0,0
38,6,13,Narmada,Nandod,Karjan,SG,G,78,115.25,108.2,538.75,514.65,24.10,354.39,330.29,24.10,65.78%,14,453,NIL,5307,5307,0
36,8,5,Narmada,Sagbara,Chopadvav,SG,FG,176.4,187.4,187.42,7.18,7.18,0.00,7.18,7.18,0.00,100%,2,737,HIGHALERT,44,44,0
37,11,6,Narmada,Sagbara,Kakdi-Amba,SG,FG,177.21,187.71,187.3,7.31,7.29,0.02,6.73,6.71,0.02,92.07%,3,613,HIGHALERT,0,0,0
39,43,2,Navsari,Vansada,Jhuj,SG,UG,147,167.5,167.6,28.65,27.58,1.07,24.70,23.63,1.07,86.21%,24,1150,ALERT,239.4,239.4,0
40,44,3,Navsari,Vansada,Kelia,SG,UG,98.1,113.4,113.5,19.98,19.23,0.75,17.70,16.95,0.75,88.59%,30,1312,ALERT,263,263,0
32,20,29,Panchmahal,Ghoghamba,Karad,CG,FG,123.44,140.08,137.6,42.45,40.06,2.39,30.24,27.85,2.39,71.24%,0,716,WARNING,80,0,80
31,15,16,Panchmahal,Halol,Deo,CG,G,80,89.65,87.21,67.95,61.35,6.59,38.93,32.34,6.59,57.29%,16,866,NIL,266.82,0,0
168,145,107,Porbandar,Kutiyana,Amipur,Sau,G,3.35,5.64,5.24,30.00,28.85,1.15,23.25,22.10,1.15,77.50%,0,352,WARNING,0,0,0
161,146,136,Porbandar,Kutiyana,Kalindri,Sau,UG,45.82,52.23,49.45,7.22,6.50,0.72,2.85,2.13,0.72,39.47%,8,375,NIL,0,0,0
163,199,130,Porbandar,Kutiyana,Saran,Sau,G,33.5,37,36.5,1.69,1.62,0.07,1.24,1.17,0.07,73.37%,0,305,WARNING,244.44,244.44,0
164,147,144,Porbandar,Porbandar,Advana,Sau,UG,20.15,24,20.8,2.61,2.21,0.40,0.54,0.14,0.40,20.69%,0,348,NIL,0,0,0
167,144,143,Porbandar,Porbandar,Sorthi,Sau,UG,89.75,95.5,95.5,8.46,7.01,1.45,8.46,7.01,1.45,100%,0,415,HIGHALERT,104,104,0
166,143,134,Porbandar,Ranavav,Khambhala,Sau,UG,29.26,39.63,37.75,15.37,15.33,0.04,9.52,9.48,0.04,61.94%,2,431,NIL,0,0,0
165,142,133,Porbandar,Ranavav,Phodarness,Sau,UG,82.3,93.57,91.05,23.65,22.26,1.39,16.13,14.74,1.39,68.20%,0,425,NIL,0,0,0
162,204,135,Porbandar,Ranavav,Rana Khirasara,Sau,G,28.52,36.75,33.75,4.02,3.97,0.05,1.57,1.52,0.05,39.05%,5,518,NIL,157.57,157.57,0
172,149,123,Rajkot,Dhoraji,Bhadar - II,Sau,G,45.44,53.1,52.5,49.00,41.85,7.15,43.40,36.25,7.15,88.57%,0,295,ALERT,328,328,0
178,148,114,Rajkot,Gondal,Bhadar,Sau,G,97.54,107.9,104.81,188.14,187.91,0.23,81.21,80.98,0.23,43.16%,0,221,NIL,0,0,0
184,179,119,Rajkot,Gondal,Kabir-Sarovar,Sau,UG,28.04,32.45,29.2,6.49,6.21,0.28,0.97,0.69,0.28,14.95%,0,185,NIL,0,0,0
169,167,118,Rajkot,Gondal,Motisar,Sau,G,138.5,143,140.5,2.58,2.35,0.23,0.82,0.59,0.23,31.78%,0,245,NIL,0,0,0
181,156,113,Rajkot,Gondal,Veri,Sau,G,139.19,142.04,140.06,4.59,4.59,0.00,0.45,0.45,0.00,9.80%,0,170,NIL,0,0,0
189,159,122,Rajkot,Jamkandorna,Phophal - I,Sau,UG,73.98,81.75,78.58,51.83,48.83,3.00,22.35,19.35,3.00,43.12%,0,368,NIL,96,0,0
180,174,61,Rajkot,Jasdan,Ghelo - S,Sau,UG,127.25,135.1,133.75,6.06,5.89,0.17,4.05,3.88,0.17,66.83%,0,145,NIL,20,0,0
185,177,109,Rajkot,Jasdan,Ishwaria,Sau,UG,151.5,157.3,154,5.25,4.85,0.40,1.65,1.25,0.40,31.43%,0,200,NIL,0,0,0
191,157,110,Rajkot,Jasdan,Karnuki,Sau,G,159,164.5,162,8.54,8.31,0.23,2.57,2.34,0.23,30.09%,0,325,NIL,0,0,0
171,165,120,Rajkot,Jetpur,Chhaparwadi-II,Sau,G,90.76,98.38,94.2,16.62,15.27,1.35,4.19,2.84,1.35,25.21%,0,297,NIL,61,0,0
187,169,117,Rajkot,Jetpur,Survo,Sau,G,92.15,99.85,96.45,13.90,13.66,0.24,4.01,3.77,0.24,28.85%,0,261,NIL,0,0,0
170,173,111,Rajkot,Kotada sangani,Gondali,Sau,UG,36.58,45.8,38.75,10.11,9.97,0.14,0.71,0.57,0.14,7.02%,0,150,NIL,0,0,0
192,155,108,Rajkot,Kotada sangani,Karmal,Sau,G,165,169,165.5,12.70,10.30,2.40,3.03,0.63,2.40,23.86%,0,80,NIL,0,0,0
179,175,112,Rajkot,Kotada sangani,Vachhapari,Sau,UG,38.4,43.89,39.99,6.12,5.58,0.54,1.37,0.83,0.54,22.39%,0,205,NIL,0,0,0
175,161,165,Rajkot,Lodhika,Nyari - I,Sau,G,96.85,104.5,102.7,35.36,33.62,1.74,20.81,19.07,1.74,58.85%,0,61,NIL,0,0,0
196,151,171,Rajkot,Paddhari,Aji-III,Sau,G,45,53.15,52.85,49.75,46.13,3.62,45.91,42.29,3.62,92.28%,0,170,HIGHALERT,490,490,0
176,170,167,Rajkot,Paddhari,Dondi,Sau,G,101,103.72,101.6,3.80,2.91,0.89,1.29,0.40,0.89,33.95%,0,330,NIL,301,0,0
188,168,172,Rajkot,Paddhari,Khodapipar,Sau,G,52.87,55.27,51.8,3.00,2.33,0.67,0.27,0.00,0.27,9.00%,0,260,NIL,0,0,0
193,154,166,Rajkot,Paddhari,Nyari-II,Sau,G,82.2,88.5,88.2,12.25,11.52,0.73,11.10,10.37,0.73,90.61%,0,265,HIGHALERT,126,126,0
173,163,170,Rajkot,Rajkot,Aji - II,Sau,G,64.6,73.76,72.51,22.09,20.76,1.33,16.23,14.90,1.33,73.47%,0,137,WARNING,340,340,0
177,160,168,Rajkot,Rajkot,Aji-I,Sau,UG,138.68,147.52,146.19,26.43,25.99,0.44,18.65,18.21,0.44,70.56%,0,260,WARNING,0,0,0
174,162,169,Rajkot,Rajkot,Lalpari,Sau,UG,132.89,137.46,137.31,5.11,5.11,0.00,4.87,4.87,0.00,95.30%,0,378,HIGHALERT,40,0,0
186,176,178,Rajkot,Rajkot,Phadangbeti,Sau,UG,185.67,189.25,188.5,5.89,5.37,0.52,4.21,3.69,0.52,71.48%,0,245,WARNING,0,0,0
195,152,125,Rajkot,Upleta,Moj,Sau,G,59.14,72.54,70.87,36.69,36.69,0.00,24.19,24.19,0.00,65.93%,0,400,NIL,0,0,0
190,171,124,Rajkot,Upleta,Sodvadar,Sau,UG,69.65,76.7,74.65,4.84,4.58,0.26,2.20,1.94,0.26,45.45%,0,350,NIL,0,0,0
194,153,129,Rajkot,Upleta,Venu-II,Sau,G,49,55,54,22.58,18.80,3.78,17.28,13.50,3.78,76.53%,0,215,WARNING,357,357,0
183,180,54,Rajkot,Vinchhiya,Dhari,Sau,UG,44.5,49.07,49,3.01,2.52,0.49,2.94,2.45,0.49,97.67%,0,280,HIGHALERT,0,0,0
182,181,62,Rajkot,Vinchhiya,Malgadh,Sau,UG,153.67,159.37,158.45,2.64,2.53,0.11,1.80,1.69,0.11,68.18%,0,245,NIL,0,0,0
14,28,33,Sabarkantha,Himatnagar,Guhai,NG,G,164.75,173,170.22,68.75,61.22,7.53,38.08,30.55,7.53,55.39%,0,530,NIL,85,0,0
15,197,31,Sabarkantha,Khedbrahma,Khedva,NG,G,253.6,259.7,256.7,7.63,6.68,0.95,4.21,3.26,0.95,55.18%,0,855,NIL,105,105,0
11,201,36,Sabarkantha,Talod,Gorathiya,NG,G,105.25,110.43,106,4.15,3.25,0.90,1.02,0.12,0.90,24.58%,0,370,NIL,50,25,0
13,32,37,Sabarkantha,Talod,Javanpura,NG,G,86.43,91,86.43,2.50,2.35,0.15,0.15,0.00,0.15,6.00%,0,276,NIL,0,0,0
12,33,30,Sabarkantha,Vijaynagar,Harnav-II,NG,G,317.5,332,329.68,21.67,19.97,1.70,16.33,14.63,1.70,75.36%,6,499,WARNING,0,0,0
42,39,8,Surat,Mandvi,Lakhigam,SG,UG,67.1,74.1,74.15,4.26,4.06,0.20,4.26,4.06,0.20,100%,8,854,HIGHALERT,46,46,0
41,38,10,Surat,Mandvi,Ver-II,SG,G,101,115.8,112.7,31.88,31.72,0.16,18.26,18.10,0.16,57.28%,22,641,NIL,450,450,0
201,191,46,Surendranagar,Chotila,Morshal,Sau,UG,173.1,177,176,3.25,3.05,0.20,1.73,1.53,0.20,53.23%,0,255,NIL,0,0,0
197,193,179,Surendranagar,Chotila,Triveni Thanga,Sau,UG,202.8,208,208,3.23,2.95,0.28,3.23,2.95,0.28,100%,0,390,HIGHALERT,0,0,0
205,188,50,Surendranagar,Chuda,Vansal,Sau,UG,98,100.7,100.7,3.97,3.33,0.64,3.97,3.33,0.64,100%,0,310,HIGHALERT,31,31,0
203,185,186,Surendranagar,Dhrangadhra,Falku,Sau,FG,102.05,107,104.5,13.02,12.69,0.33,2.75,2.42,0.33,21.12%,0,340,NIL,0,0,0
199,183,52,Surendranagar,Muli,Nyka,Sau,G,96.04,101.8,101.5,13.71,13.36,0.35,11.78,11.43,0.35,85.92%,0,370,ALERT,0,0,0
198,192,51,Surendranagar,Muli,Saburi,Sau,UG,123.7,129.5,129.5,4.50,3.95,0.55,4.50,3.95,0.55,100%,0,305,HIGHALERT,0,0,0
202,190,48,Surendranagar,Sayla,Lim-Bhogavo-I,Sau,UG,39.93,46.02,45.96,22.43,21.90,0.53,22.03,21.50,0.53,98.22%,0,465,HIGHALERT,0,0,0
204,186,47,Surendranagar,Sayla,Nimbmani,Sau,G,129.9,134.5,134.2,6.18,5.79,0.39,5.41,5.02,0.39,87.54%,0,410,ALERT,0,0,0
200,184,53,Surendranagar,Wadhwan,Dholidhaja,Sau,UG,74.37,80.47,80.06,20.39,18.69,1.70,18.13,16.43,1.70,88.92%,0,290,ALERT,100,0,100
206,187,49,Surendranagar,Wadhwan,Lim-Bhogavo-II,Sau,G,72.05,76,75.35,15.17,13.00,2.17,12.14,9.97,2.17,80.03%,0,250,ALERT,0,0,0
43,37,4,Tapi,Songadh,Doswada,SG,UG,114.6,123.44,123.46,3.43,3.33,0.10,3.43,3.33,0.10,100%,30,1224,HIGHALERT,58,58,0
44,36,7,Tapi,Songadh,Ukai,SG,G,78.77,105.156,99.337,7414.29,6729.90,684.39,4432.69,3748.30,684.39,59.79%,3,950,NIL,13945,0,800
45,42,1,Valsad,Kaprada,Damanganga,SG,G,59.46,79.86,71.7,524.86,478.09,46.77,219.33,172.56,46.77,41.79%,32,1311,NIL,3993,3827,10
,,,,,,,,,,,15804.28,14598.77,1205.50,9607.02,8414.16,1192.86,,,,,,,
